ID,Flow,Turn,Screen,User says,Expected interpretation,Hard filters to apply,Ranking signals,Expected result,Must never happen,Why this case
G01,Basic discovery,1,Home,quick chicken dinner,"Ingredient: chicken (required). Meal: dinner (required). Quality: quick (rank only)",chicken; dinner main,quick,2-3 dinner mains containing chicken,"Non-dinner results; a hard time cutoff applied from the word ""quick"" alone",Baseline discovery. Everything else varies from this.
G02,Basic discovery,1,Home,something comforting,"Quality: comforting (rank only). No meal type stated",none,comforting,2-3 recipes across meal types,"Forcing dinner when the user never said dinner",Unspecified meal type stays unspecified.
G03,Basic discovery,1,Home,dinner under 30 minutes,"Meal: dinner (required). Time: 30 min (required - a number filters)",dinner main; total time <= 30,none,2-3 dinner mains at or under 30 minutes,A 35-minute recipe appearing,A number is a hard filter even though time is normally a ranking signal.
G04,Abstract request,1,Home,I need snacks for my son's soccer team after practice,"Situation: crowd of kids; portable; no utensils; fast",none,crowd-friendly; kid-friendly; portable; snack,2-3 portable crowd snacks,"Literal phrase search; a single-serving fussy recipe; excluding everything untagged kid-friendly",Dale's case. Tests situational interpretation.
G05,Abstract request,1,Home,things for picky eaters,"Quality: familiar and approachable (rank only)",none,familiar; simple ingredients; kid-friendly,2-3 approachable recipes,"Searching the literal string ""picky eaters""",Interpretation vs keyword matching.
G06,Abstract request,1,Home,food for a party,"Situation: crowd serving",none,crowd-friendly; shareable,2-3 crowd recipes,Single-serving recipes,Tests that ambiguous occasion words resolve to a serving context.
G07,Exclusion,1,Home,"pasta dinner, no mushrooms","Ingredient: pasta (required). Meal: dinner. Exclusion: mushrooms (absolute)",dinner main; pasta; EXCLUDE mushrooms,none,2-3 pasta dinners with zero mushrooms,Any result containing mushrooms in any form,Core exclusion case.
G08,Exclusion,1,Home,recipes with no dairy,Dietary exclusion: dairy (absolute),EXCLUDE dairy,none,Dairy-free recipes,"A recipe tagged ""dairy-free"" being excluded because it contains the word dairy",Negation collision. Named by engineering as a known failure.
G09,Exclusion,1,Home,dinner without tomato,Exclusion: tomato (absolute),dinner main; EXCLUDE tomato and tomatoes,none,Dinner mains with no tomato in any form,A recipe with tomatoes surviving because only the singular was matched,Singular/plural handling.
G10,Exclusion,1,Home,chicken dinner no mushroms,"Exclusion: mushrooms (absolute), misspelled",chicken; dinner main; EXCLUDE mushrooms,none,Chicken dinners with no mushrooms,The exclusion being silently dropped because the term did not resolve,Misspelling. Silent failure is the worst outcome.
G11,Exclusion,1,Home,soup with no corn,Exclusion: corn (absolute),soup; EXCLUDE corn,none,Corn-free soups,Excluding recipes containing cornstarch or peppercorn,Substring collision.
G12,Exclusion,1,Home,dinner with no zorblax,Unresolvable exclusion term,dinner main,none,"Results plus an explicit statement that we could not interpret ""zorblax""",Results presented as though the exclusion was honored,Unresolvable terms must be surfaced not swallowed.
G13,Exclusion,1,Home,"vegetarian dinner, no mushrooms, no eggplant, no tofu, under 15 minutes",Multiple stacked absolutes,vegetarian; dinner main; EXCLUDE mushrooms/eggplant/tofu; time <= 15,none,"Whatever qualifies, even if that is zero, with a clear statement of what emptied it",Quietly dropping one constraint to return something,Over-constrained case. Tests honest failure.
G14,Dietary tiers,1,Home,vegetarian dinner ideas,Diet stated plainly: vegetarian (absolute),vegetarian; dinner main,none,Vegetarian dinner mains only,Any meat or fish appearing,Plainly stated diet filters.
G15,Dietary tiers,1,Home,I'm vegetarian-ish - what should I make for dinner,Hedged diet: ranks rather than filters,dinner main,strongly prefer vegetarian,"Mostly vegetarian dinner mains, plus a line saying we are leaning vegetarian not enforcing it",Applying a hard vegetarian filter to someone who said they are flexible,Dale's case. Tests tier 2 hedging.
G16,Dietary tiers,1,Home,I'm mostly vegetarian but my husband eats meat,Hedged diet with explicit exception,none,strongly prefer vegetarian; allow meat,"A mix leaning vegetarian, acknowledged in copy",Filtering out all meat despite the user saying otherwise,Same tier as G15 stated a different way.
G17,Dietary tiers,1,Home,I'm allergic to shellfish - dinner ideas,Allergy: absolute regardless of phrasing,dinner main; EXCLUDE shellfish,none,Dinner mains with zero shellfish,Shellfish appearing; any softening of this because it was phrased casually,Allergy is tier 1 no matter how it is said.
G18,Quality vs number,1,Home,quick Thanksgiving dinner,"Quality: quick, relative to Thanksgiving. Not a number",Thanksgiving-appropriate,relatively quick within Thanksgiving recipes,Thanksgiving mains ranked by relative speed,A 30-minute cutoff excluding all Thanksgiving mains,Dale's case. Quick is relative to the dish class.
G19,Quality vs number,1,Home,Thanksgiving dinner under 2 hours,Time: 120 min (required - a number filters),Thanksgiving-appropriate; total time <= 120,none,Thanksgiving mains at or under 2 hours,A 3-hour recipe appearing,Same domain as G18 but a number makes it absolute.
G20,Refinement,1,Home,quick chicken dinner,Baseline,chicken; dinner main,quick,2-3 chicken dinner mains,,Sets up G21-G23.
G21,Refinement,2,Home,no pork,Additive exclusion,chicken; dinner main; EXCLUDE pork,quick,New set; chicken and dinner still hold; no pork,"Losing the chicken or dinner constraint; returning the same 3 recipes",Constraints accumulate across turns.
G22,Refinement,3,Home,under 30 minutes,Additive hard time filter,chicken; dinner main; EXCLUDE pork; time <= 30,none,New set honoring all four,Dropping the pork exclusion the user did not repeat,Silent constraint loss is the classic multi-turn bug.
G23,Refinement,4,Home,actually make it vegetarian,"Replacement: vegetarian replaces chicken. Other constraints persist",vegetarian; dinner main; EXCLUDE pork; time <= 30,none,Vegetarian dinner mains under 30 minutes,Searching for vegetarian chicken; losing the time filter,Replacement vs addition. The key ambiguity rule.
G24,Refinement,2,Home,make it cheaper,Soft modifier stacked on prior request,prior constraints unchanged,budget-friendly,New set honoring everything prior plus a cost preference,A hard price filter; losing prior constraints,Quality words stack rather than replace.
G25,Repeat,2,Home,show me different ones,Novelty request; constraints unchanged,all prior constraints,none,3 recipes not previously shown in this conversation,Any recipe from the previous set reappearing; loosening a constraint to find new ones,Novelty tracking.
G26,Repeat,3,Home,show me different ones,Novelty request with a nearly exhausted pool,all prior constraints,none,"Whatever remains, with a clear statement when it is the last of them",Recycling the first set as though it were new,Exhaustion must be honest.
G27,Saves,1,Saves,my quickest chicken recipes,"Source: saves. Filter: chicken. Sort: time ascending",saves only; chicken,none,User's saved chicken recipes sorted fastest first,Any catalog recipe appearing; incorrect ordering,Core saves query.
G28,Saves,1,Saves,that quick pasta puttanesca I saved with cherry tomatoes,"Source: saves. Anchor: puttanesca. Cherry tomatoes and quick are recall cues not filters",saves only,pasta puttanesca; cherry tomatoes; quick,"The user's puttanesca recipe, even though it has plum tomatoes and no quick tag",Returning nothing because the descriptive terms were applied as filters,Dale's case. Saves is recall not filtering.
G29,Saves,1,Saves,"my vegetarian saves, nothing with mushrooms","Source: saves. Diet and exclusion both absolute even in saves",saves only; vegetarian; EXCLUDE mushrooms,none,Saved vegetarian recipes with no mushrooms,Mushrooms appearing,Diet and exclusions still filter in saves. G28 does not weaken this.
G30,Saves,1,Saves,my most cooked recipes,Requires cook data we do not have,none,none,A plain statement that we cannot tell yet,Substituting save date or view count and presenting it as cooking history,Unanswerable query must be honest.
G31,Saves,1,Saves,show me my saves from last month,"Source: saves. Sort/filter: save date",saves only; saved within date range,none,Saves from that period,Catalog results,Date-based saves query.
G32,Routing,1,Home,show me chicken recipes from my saves,Explicit source overrides the screen,saves only; chicken,none,User's saved chicken recipes,Searching the full catalog because the request came from Home,Explicit source beats screen context.
G33,Routing,1,Saves,find me a new pasta recipe,"Explicit intent (new) overrides the screen",full catalog; pasta,none,Catalog pasta recipes,Restricting to saves because the request came from Saves,The reverse of G32.
G34,Routing,1,Saves,quick dinners,"No explicit source. Screen decides: saves",saves only; dinner main,quick,Saved dinner recipes ranked by speed,Silently searching the whole catalog,Screen supplies the default when nothing is stated.
G35,Empty states,1,Saves,my chicken recipes,User has zero saves,saves only,none,An honest empty state offering to search all recipes,Catalog recipes presented as the user's saves,Empty library.
G36,Empty states,1,Home,dinner with no salt no oil no onions no garlic no dairy no gluten,Over-constrained,dinner main; six exclusions,none,"An honest miss naming what emptied the set, with an offer to drop one",Silently relaxing an exclusion,Constraint stacking to zero.
G37,Context expiry,3,Home,"Turn 1: vegetarian dinner / Turn 2: something for a party / Turn 3: breakfast ideas",Topic changed twice; diet persists across both,vegetarian (persists),none,Vegetarian breakfast ideas unaffected by the party context,"Party or dinner context bleeding into breakfast; losing the vegetarian constraint",Context pollution. Diet survives a topic change; everything else does not.
G38,Follow-ups,2,Home,"After ""quick chicken dinner"" returns 3 results",Suggestions derived from the returned set,n/a,n/a,"Up to 3 suggestions, each traceable to evidence and each returning results when tapped","""Quick recipes"" (restates the request); ""Healthy recipes"" (no evidence); any suggestion returning zero results",Follow-up quality. See the relevance rules spec.
G39,Follow-ups,2,Home,"After ""vegetarian dinner"" returns 2 results",Thin set from a dietary constraint,n/a,n/a,Suggestions that move within the constraint,Any suggestion offering to relax the vegetarian constraint,Never offer to loosen a dietary restriction.
G40,Follow-ups,2,Saves,"After a saves query returns 9 results",Library too small for refinement,n/a,n/a,No follow-up suggestions,Offering to narrow 9 recipes,Follow-ups on saves are gated by library size.
G41,Dinner shortcut,1,Home,Tap Dinner Tonight,"Immediate dinner recommendation request; no ingredient intake",dinner main,"Flavor Profile; inferred makability; recipe quality","3 dinner mains returned immediately","Asking for ingredients before returning value; claiming the user has specific ingredients",Tests the new immediate-results dinner flow.
G42,Dinner shortcut,2,Home,"After results, user says: I'd like to use chicken and broccoli","Explicit ingredient requirements refine the next set",dinner main; chicken; broccoli,"Flavor Profile; inferred makability; recipe quality","A new dinner set in which every qualifying recipe uses chicken and broccoli","Treating either ingredient as only a soft boost; dropping taste and quality ranking after enforcing them",Tests optional post-result ingredient refinement.
G43,Dinner shortcut,2,Home,"After results, user says: must use the chicken","Explicit ingredient stated as mandatory",dinner main; chicken,"Flavor Profile; inferred makability; recipe quality","A new dinner set in which every recipe uses chicken","Treating chicken as only a soft preference; forgetting other active constraints",Tests the difference between include and must use.
G44,Dinner shortcut,1,Home,"Tap Dinner Tonight; user has little or no behavioral history","Immediate dinner request with weak personalization and makability evidence",dinner main,recipe quality,"3 strong dinner mains without a pantry claim","Blocking on missing history; pretending to know what the user has",Tests cold-start fallback.
G45,Ingredient inclusion,1,Home,"I want to make a casserole with mushrooms, rice and cheese","Primary dish: casserole. Required ingredients: mushrooms, rice, and cheese",casserole; mushrooms; rice; cheese,"dish relevance; ingredient centrality; taxonomy; quality; popularity","Complete matches that are casseroles and contain mushrooms, rice, and cheese","Returning a casserole without one ingredient; returning a non-casserole just because its ingredient list contains all four words",Core distinction between dish and required ingredients.
G46,Ingredient inclusion,1,Home,"I want to make a casserole with mushrooms, rice and cheese","Primary dish: casserole. Required ingredients: mushrooms, rice, and cheese; Parmesan satisfies cheese",casserole; mushrooms; rice; cheese or normalized subtype,"dish relevance; ingredient centrality; quality","A casserole with mushrooms, rice, and Parmesan qualifies","Rejecting Parmesan because the literal word cheese is absent",Tests ingredient equivalence and parent/subtype normalization.
G47,Ingredient inclusion,1,Home,"I want to make a casserole with mushrooms, rice and cheese","Only one complete match exists; partial matches also exist",casserole; mushrooms; rice; cheese,"complete-match quality first","The one complete match first; partial matches separately identified with the missing ingredient","Mixing partials into the qualifying set without labeling; padding the main set to three",Tests controlled fallback.
G48,Ingredient inclusion,1,Home,chicken with rice,"Primary dish and required ingredient are ambiguous",undetermined,none,"One clarifying question if the structure cannot be resolved reliably","Arbitrarily enforcing the wrong concept as the dish or ingredient",Tests ambiguity handling.
G49,Ingredient inclusion,1,Home,pasta with spinach and ricotta,"Primary dish: pasta. Required ingredients: spinach and ricotta",pasta; spinach; ricotta,"ingredient centrality; dish relevance; quality","Complete matches, with recipes centered on spinach and ricotta ranked above incidental uses","Allowing incidental ingredient hits to outrank a clearly matching dish",Tests presence as gate and centrality as ranking.
